boundary,x_c,y_c,nx,ny,A
left,0.0,0.000125,-1.0,0.0,2.5e-06
left,0.0,0.000375,-1.0,0.0,2.5e-06
left,0.0,0.000625,-1.0,0.0,2.5e-06
left,0.0,0.000875,-1.0,0.0,2.5e-06
left,0.0,0.0011250000000000001,-1.0,0.0,2.5e-06
left,0.0,0.001375,-1.0,0.0,2.5e-06
left,0.0,0.0016250000000000001,-1.0,0.0,2.5e-06
left,0.0,0.001875,-1.0,0.0,2.5e-06
left,0.0,0.002125,-1.0,0.0,2.5e-06
left,0.0,0.002375,-1.0,0.0,2.5e-06
left,0.0,0.002625,-1.0,0.0,2.5e-06
left,0.0,0.002875,-1.0,0.0,2.5e-06
left,0.0,0.003125,-1.0,0.0,2.5e-06
left,0.0,0.003375,-1.0,0.0,2.5e-06
left,0.0,0.003625,-1.0,0.0,2.5e-06
left,0.0,0.003875,-1.0,0.0,2.5e-06
left,0.0,0.004125,-1.0,0.0,2.5e-06
left,0.0,0.004375,-1.0,0.0,2.5e-06
left,0.0,0.004625,-1.0,0.0,2.5e-06
left,0.0,0.004875,-1.0,0.0,2.5e-06
left,0.0,0.005125,-1.0,0.0,2.5e-06
left,0.0,0.0053750000000000004,-1.0,0.0,2.5e-06
left,0.0,0.005625,-1.0,0.0,2.5e-06
left,0.0,0.005875,-1.0,0.0,2.5e-06
left,0.0,0.006125,-1.0,0.0,2.5e-06
left,0.0,0.0063750000000000005,-1.0,0.0,2.5e-06
left,0.0,0.006625,-1.0,0.0,2.5e-06
left,0.0,0.006875,-1.0,0.0,2.5e-06
left,0.0,0.007125,-1.0,0.0,2.5e-06
left,0.0,0.0073750000000000005,-1.0,0.0,2.5e-06
left,0.0,0.007625,-1.0,0.0,2.5e-06
left,0.0,0.007875,-1.0,0.0,2.5e-06
left,0.0,0.008125,-1.0,0.0,2.5e-06
left,0.0,0.008375,-1.0,0.0,2.5e-06
left,0.0,0.008625,-1.0,0.0,2.5e-06
left,0.0,0.008875000000000001,-1.0,0.0,2.5e-06
left,0.0,0.009125,-1.0,0.0,2.5e-06
left,0.0,0.009375,-1.0,0.0,2.5e-06
left,0.0,0.009625,-1.0,0.0,2.5e-06
left,0.0,0.009875,-1.0,0.0,2.5e-06
left,0.0,0.010125,-1.0,0.0,2.5e-06
left,0.0,0.010375,-1.0,0.0,2.5e-06
left,0.0,0.010625,-1.0,0.0,2.5e-06
left,0.0,0.010875000000000001,-1.0,0.0,2.5e-06
left,0.0,0.011125,-1.0,0.0,2.5e-06
left,0.0,0.011375,-1.0,0.0,2.5e-06
left,0.0,0.011625,-1.0,0.0,2.5e-06
left,0.0,0.011875,-1.0,0.0,2.5e-06
left,0.0,0.012125,-1.0,0.0,2.5e-06
left,0.0,0.012375,-1.0,0.0,2.5e-06
left,0.0,0.012625,-1.0,0.0,2.5e-06
left,0.0,0.012875000000000001,-1.0,0.0,2.5e-06
left,0.0,0.013125,-1.0,0.0,2.5e-06
left,0.0,0.013375,-1.0,0.0,2.5e-06
left,0.0,0.013625,-1.0,0.0,2.5e-06
left,0.0,0.013875,-1.0,0.0,2.5e-06
left,0.0,0.014125,-1.0,0.0,2.5e-06
left,0.0,0.014375,-1.0,0.0,2.5e-06
left,0.0,0.014625,-1.0,0.0,2.5e-06
left,0.0,0.014875000000000001,-1.0,0.0,2.5e-06
left,0.0,0.015125,-1.0,0.0,2.5e-06
left,0.0,0.015375,-1.0,0.0,2.5e-06
left,0.0,0.015625,-1.0,0.0,2.5e-06
left,0.0,0.015875,-1.0,0.0,2.5e-06
left,0.0,0.016125,-1.0,0.0,2.5e-06
left,0.0,0.016375,-1.0,0.0,2.5e-06
left,0.0,0.016625,-1.0,0.0,2.5e-06
left,0.0,0.016875,-1.0,0.0,2.5e-06
left,0.0,0.017125,-1.0,0.0,2.5e-06
left,0.0,0.017375,-1.0,0.0,2.5e-06
left,0.0,0.017625000000000002,-1.0,0.0,2.5e-06
left,0.0,0.017875000000000002,-1.0,0.0,2.5e-06
left,0.0,0.018125,-1.0,0.0,2.5e-06
left,0.0,0.018375,-1.0,0.0,2.5e-06
left,0.0,0.018625,-1.0,0.0,2.5e-06
left,0.0,0.018875,-1.0,0.0,2.5e-06
left,0.0,0.019125,-1.0,0.0,2.5e-06
left,0.0,0.019375,-1.0,0.0,2.5e-06
left,0.0,0.019625,-1.0,0.0,2.5e-06
left,0.0,0.019875,-1.0,0.0,2.5e-06
left,0.0,0.020125,-1.0,0.0,2.5e-06
left,0.0,0.020375,-1.0,0.0,2.5e-06
left,0.0,0.020625,-1.0,0.0,2.5e-06
left,0.0,0.020875,-1.0,0.0,2.5e-06
left,0.0,0.021125,-1.0,0.0,2.5e-06
left,0.0,0.021375,-1.0,0.0,2.5e-06
left,0.0,0.021625000000000002,-1.0,0.0,2.5e-06
left,0.0,0.021875000000000002,-1.0,0.0,2.5e-06
left,0.0,0.022125,-1.0,0.0,2.5e-06
left,0.0,0.022375,-1.0,0.0,2.5e-06
left,0.0,0.022625,-1.0,0.0,2.5e-06
left,0.0,0.022875,-1.0,0.0,2.5e-06
left,0.0,0.023125,-1.0,0.0,2.5e-06
left,0.0,0.023375,-1.0,0.0,2.5e-06
left,0.0,0.023625,-1.0,0.0,2.5e-06
left,0.0,0.023875,-1.0,0.0,2.5e-06
left,0.0,0.024125,-1.0,0.0,2.5e-06
left,0.0,0.024375,-1.0,0.0,2.5e-06
left,0.0,0.024625,-1.0,0.0,2.5e-06
left,0.0,0.024875,-1.0,0.0,2.5e-06
left,0.0,0.025125,-1.0,0.0,2.5e-06
left,0.0,0.025375,-1.0,0.0,2.5e-06
left,0.0,0.025625000000000002,-1.0,0.0,2.5e-06
left,0.0,0.025875000000000002,-1.0,0.0,2.5e-06
left,0.0,0.026125,-1.0,0.0,2.5e-06
left,0.0,0.026375,-1.0,0.0,2.5e-06
left,0.0,0.026625,-1.0,0.0,2.5e-06
left,0.0,0.026875,-1.0,0.0,2.5e-06
left,0.0,0.027125,-1.0,0.0,2.5e-06
left,0.0,0.027375,-1.0,0.0,2.5e-06
left,0.0,0.027625,-1.0,0.0,2.5e-06
left,0.0,0.027875,-1.0,0.0,2.5e-06
left,0.0,0.028125,-1.0,0.0,2.5e-06
left,0.0,0.028375,-1.0,0.0,2.5e-06
left,0.0,0.028625,-1.0,0.0,2.5e-06
left,0.0,0.028875,-1.0,0.0,2.5e-06
left,0.0,0.029125,-1.0,0.0,2.5e-06
left,0.0,0.029375000000000002,-1.0,0.0,2.5e-06
left,0.0,0.029625000000000002,-1.0,0.0,2.5e-06
left,0.0,0.029875000000000002,-1.0,0.0,2.5e-06
left,0.0,0.030125,-1.0,0.0,2.5e-06
left,0.0,0.030375,-1.0,0.0,2.5e-06
left,0.0,0.030625,-1.0,0.0,2.5e-06
left,0.0,0.030875,-1.0,0.0,2.5e-06
left,0.0,0.031125,-1.0,0.0,2.5e-06
left,0.0,0.031375,-1.0,0.0,2.5e-06
left,0.0,0.031625,-1.0,0.0,2.5e-06
left,0.0,0.031875,-1.0,0.0,2.5e-06
left,0.0,0.032125,-1.0,0.0,2.5e-06
left,0.0,0.032375,-1.0,0.0,2.5e-06
left,0.0,0.032625,-1.0,0.0,2.5e-06
left,0.0,0.032875,-1.0,0.0,2.5e-06
left,0.0,0.033125,-1.0,0.0,2.5e-06
left,0.0,0.033375,-1.0,0.0,2.5e-06
left,0.0,0.033625,-1.0,0.0,2.5e-06
left,0.0,0.033875,-1.0,0.0,2.5e-06
left,0.0,0.034125,-1.0,0.0,2.5e-06
left,0.0,0.034375,-1.0,0.0,2.5e-06
left,0.0,0.034625,-1.0,0.0,2.5e-06
left,0.0,0.034875,-1.0,0.0,2.5e-06
left,0.0,0.035125,-1.0,0.0,2.5e-06
left,0.0,0.035375000000000004,-1.0,0.0,2.5e-06
left,0.0,0.035625000000000004,-1.0,0.0,2.5e-06
left,0.0,0.035875000000000004,-1.0,0.0,2.5e-06
left,0.0,0.036125,-1.0,0.0,2.5e-06
left,0.0,0.036375,-1.0,0.0,2.5e-06
left,0.0,0.036625,-1.0,0.0,2.5e-06
left,0.0,0.036875,-1.0,0.0,2.5e-06
left,0.0,0.037125,-1.0,0.0,2.5e-06
left,0.0,0.037375,-1.0,0.0,2.5e-06
left,0.0,0.037625,-1.0,0.0,2.5e-06
left,0.0,0.037875,-1.0,0.0,2.5e-06
left,0.0,0.038125,-1.0,0.0,2.5e-06
left,0.0,0.038375,-1.0,0.0,2.5e-06
left,0.0,0.038625,-1.0,0.0,2.5e-06
left,0.0,0.038875,-1.0,0.0,2.5e-06
left,0.0,0.039125,-1.0,0.0,2.5e-06
left,0.0,0.039375,-1.0,0.0,2.5e-06
left,0.0,0.039625,-1.0,0.0,2.5e-06
left,0.0,0.039875,-1.0,0.0,2.5e-06
left,0.0,0.040125,-1.0,0.0,2.5e-06
left,0.0,0.040375,-1.0,0.0,2.5e-06
left,0.0,0.040625,-1.0,0.0,2.5e-06
left,0.0,0.040875,-1.0,0.0,2.5e-06
left,0.0,0.041125,-1.0,0.0,2.5e-06
left,0.0,0.041375,-1.0,0.0,2.5e-06
left,0.0,0.041625,-1.0,0.0,2.5e-06
left,0.0,0.041875,-1.0,0.0,2.5e-06
left,0.0,0.042125,-1.0,0.0,2.5e-06
left,0.0,0.042375,-1.0,0.0,2.5e-06
left,0.0,0.042625,-1.0,0.0,2.5e-06
left,0.0,0.042875,-1.0,0.0,2.5e-06
left,0.0,0.043125000000000004,-1.0,0.0,2.5e-06
left,0.0,0.043375000000000004,-1.0,0.0,2.5e-06
left,0.0,0.043625000000000004,-1.0,0.0,2.5e-06
left,0.0,0.043875000000000004,-1.0,0.0,2.5e-06
left,0.0,0.044125,-1.0,0.0,2.5e-06
left,0.0,0.044375,-1.0,0.0,2.5e-06
left,0.0,0.044625,-1.0,0.0,2.5e-06
left,0.0,0.044875,-1.0,0.0,2.5e-06
left,0.0,0.045125,-1.0,0.0,2.5e-06
left,0.0,0.045375,-1.0,0.0,2.5e-06
left,0.0,0.045625,-1.0,0.0,2.5e-06
left,0.0,0.045875,-1.0,0.0,2.5e-06
left,0.0,0.046125,-1.0,0.0,2.5e-06
left,0.0,0.046375,-1.0,0.0,2.5e-06
left,0.0,0.046625,-1.0,0.0,2.5e-06
left,0.0,0.046875,-1.0,0.0,2.5e-06
left,0.0,0.047125,-1.0,0.0,2.5e-06
left,0.0,0.047375,-1.0,0.0,2.5e-06
left,0.0,0.047625,-1.0,0.0,2.5e-06
left,0.0,0.047875,-1.0,0.0,2.5e-06
left,0.0,0.048125,-1.0,0.0,2.5e-06
left,0.0,0.048375,-1.0,0.0,2.5e-06
left,0.0,0.048625,-1.0,0.0,2.5e-06
left,0.0,0.048875,-1.0,0.0,2.5e-06
left,0.0,0.049125,-1.0,0.0,2.5e-06
left,0.0,0.049375,-1.0,0.0,2.5e-06
left,0.0,0.049625,-1.0,0.0,2.5e-06
left,0.0,0.049875,-1.0,0.0,2.5e-06
left,0.0,0.050125,-1.0,0.0,2.5e-06
left,0.0,0.050375,-1.0,0.0,2.5e-06
left,0.0,0.050625,-1.0,0.0,2.5e-06
left,0.0,0.050875000000000004,-1.0,0.0,2.5e-06
left,0.0,0.051125000000000004,-1.0,0.0,2.5e-06
left,0.0,0.051375000000000004,-1.0,0.0,2.5e-06
left,0.0,0.051625000000000004,-1.0,0.0,2.5e-06
left,0.0,0.051875000000000004,-1.0,0.0,2.5e-06
left,0.0,0.052125,-1.0,0.0,2.5e-06
left,0.0,0.052375,-1.0,0.0,2.5e-06
left,0.0,0.052625,-1.0,0.0,2.5e-06
left,0.0,0.052875,-1.0,0.0,2.5e-06
left,0.0,0.053125,-1.0,0.0,2.5e-06
left,0.0,0.053375,-1.0,0.0,2.5e-06
left,0.0,0.053625,-1.0,0.0,2.5e-06
left,0.0,0.053875,-1.0,0.0,2.5e-06
left,0.0,0.054125,-1.0,0.0,2.5e-06
left,0.0,0.054375,-1.0,0.0,2.5e-06
left,0.0,0.054625,-1.0,0.0,2.5e-06
left,0.0,0.054875,-1.0,0.0,2.5e-06
left,0.0,0.055125,-1.0,0.0,2.5e-06
left,0.0,0.055375,-1.0,0.0,2.5e-06
left,0.0,0.055625,-1.0,0.0,2.5e-06
left,0.0,0.055875,-1.0,0.0,2.5e-06
left,0.0,0.056125,-1.0,0.0,2.5e-06
left,0.0,0.056375,-1.0,0.0,2.5e-06
left,0.0,0.056625,-1.0,0.0,2.5e-06
left,0.0,0.056875,-1.0,0.0,2.5e-06
left,0.0,0.057125,-1.0,0.0,2.5e-06
left,0.0,0.057375,-1.0,0.0,2.5e-06
left,0.0,0.057625,-1.0,0.0,2.5e-06
left,0.0,0.057875,-1.0,0.0,2.5e-06
left,0.0,0.058125,-1.0,0.0,2.5e-06
left,0.0,0.058375,-1.0,0.0,2.5e-06
left,0.0,0.058625000000000003,-1.0,0.0,2.5e-06
left,0.0,0.058875000000000004,-1.0,0.0,2.5e-06
left,0.0,0.059125000000000004,-1.0,0.0,2.5e-06
left,0.0,0.059375000000000004,-1.0,0.0,2.5e-06
left,0.0,0.059625000000000004,-1.0,0.0,2.5e-06
left,0.0,0.059875000000000005,-1.0,0.0,2.5e-06
left,0.0,0.060125,-1.0,0.0,2.5e-06
left,0.0,0.060375,-1.0,0.0,2.5e-06
left,0.0,0.060625,-1.0,0.0,2.5e-06
left,0.0,0.060875,-1.0,0.0,2.5e-06
left,0.0,0.061125,-1.0,0.0,2.5e-06
left,0.0,0.061375,-1.0,0.0,2.5e-06
left,0.0,0.061625,-1.0,0.0,2.5e-06
left,0.0,0.061875,-1.0,0.0,2.5e-06
left,0.0,0.062125,-1.0,0.0,2.5e-06
left,0.0,0.062375,-1.0,0.0,2.5e-06
left,0.0,0.062625,-1.0,0.0,2.5e-06
left,0.0,0.062875,-1.0,0.0,2.5e-06
left,0.0,0.063125,-1.0,0.0,2.5e-06
left,0.0,0.063375,-1.0,0.0,2.5e-06
left,0.0,0.063625,-1.0,0.0,2.5e-06
left,0.0,0.063875,-1.0,0.0,2.5e-06
left,0.0,0.064125,-1.0,0.0,2.5e-06
left,0.0,0.064375,-1.0,0.0,2.5e-06
left,0.0,0.064625,-1.0,0.0,2.5e-06
left,0.0,0.064875,-1.0,0.0,2.5e-06
left,0.0,0.065125,-1.0,0.0,2.5e-06
left,0.0,0.065375,-1.0,0.0,2.5e-06
left,0.0,0.065625,-1.0,0.0,2.5e-06
left,0.0,0.065875,-1.0,0.0,2.5e-06
left,0.0,0.066125,-1.0,0.0,2.5e-06
left,0.0,0.066375,-1.0,0.0,2.5e-06
left,0.0,0.066625,-1.0,0.0,2.5e-06
left,0.0,0.066875,-1.0,0.0,2.5e-06
left,0.0,0.067125,-1.0,0.0,2.5e-06
left,0.0,0.067375,-1.0,0.0,2.5e-06
left,0.0,0.067625,-1.0,0.0,2.5e-06
left,0.0,0.067875,-1.0,0.0,2.5e-06
left,0.0,0.068125,-1.0,0.0,2.5e-06
left,0.0,0.068375,-1.0,0.0,2.5e-06
left,0.0,0.068625,-1.0,0.0,2.5e-06
left,0.0,0.068875,-1.0,0.0,2.5e-06
left,0.0,0.069125,-1.0,0.0,2.5e-06
left,0.0,0.069375,-1.0,0.0,2.5e-06
left,0.0,0.069625,-1.0,0.0,2.5e-06
left,0.0,0.069875,-1.0,0.0,2.5e-06
left,0.0,0.070125,-1.0,0.0,2.5e-06
left,0.0,0.07037500000000001,-1.0,0.0,2.5e-06
left,0.0,0.07062500000000001,-1.0,0.0,2.5e-06
left,0.0,0.07087500000000001,-1.0,0.0,2.5e-06
left,0.0,0.07112500000000001,-1.0,0.0,2.5e-06
left,0.0,0.07137500000000001,-1.0,0.0,2.5e-06
left,0.0,0.07162500000000001,-1.0,0.0,2.5e-06
left,0.0,0.07187500000000001,-1.0,0.0,2.5e-06
left,0.0,0.072125,-1.0,0.0,2.5e-06
left,0.0,0.072375,-1.0,0.0,2.5e-06
left,0.0,0.072625,-1.0,0.0,2.5e-06
left,0.0,0.072875,-1.0,0.0,2.5e-06
left,0.0,0.073125,-1.0,0.0,2.5e-06
left,0.0,0.073375,-1.0,0.0,2.5e-06
left,0.0,0.073625,-1.0,0.0,2.5e-06
left,0.0,0.073875,-1.0,0.0,2.5e-06
left,0.0,0.074125,-1.0,0.0,2.5e-06
left,0.0,0.074375,-1.0,0.0,2.5e-06
left,0.0,0.074625,-1.0,0.0,2.5e-06
left,0.0,0.074875,-1.0,0.0,2.5e-06
left,0.0,0.075125,-1.0,0.0,2.5e-06
left,0.0,0.075375,-1.0,0.0,2.5e-06
left,0.0,0.075625,-1.0,0.0,2.5e-06
left,0.0,0.075875,-1.0,0.0,2.5e-06
left,0.0,0.076125,-1.0,0.0,2.5e-06
left,0.0,0.076375,-1.0,0.0,2.5e-06
left,0.0,0.076625,-1.0,0.0,2.5e-06
left,0.0,0.076875,-1.0,0.0,2.5e-06
left,0.0,0.077125,-1.0,0.0,2.5e-06
left,0.0,0.077375,-1.0,0.0,2.5e-06
left,0.0,0.077625,-1.0,0.0,2.5e-06
left,0.0,0.077875,-1.0,0.0,2.5e-06
left,0.0,0.078125,-1.0,0.0,2.5e-06
left,0.0,0.078375,-1.0,0.0,2.5e-06
left,0.0,0.078625,-1.0,0.0,2.5e-06
left,0.0,0.078875,-1.0,0.0,2.5e-06
left,0.0,0.079125,-1.0,0.0,2.5e-06
left,0.0,0.079375,-1.0,0.0,2.5e-06
left,0.0,0.079625,-1.0,0.0,2.5e-06
left,0.0,0.079875,-1.0,0.0,2.5e-06
right,0.1,0.000125,1.0,0.0,2.5e-06
right,0.1,0.000375,1.0,0.0,2.5e-06
right,0.1,0.000625,1.0,0.0,2.5e-06
right,0.1,0.000875,1.0,0.0,2.5e-06
right,0.1,0.0011250000000000001,1.0,0.0,2.5e-06
right,0.1,0.001375,1.0,0.0,2.5e-06
right,0.1,0.0016250000000000001,1.0,0.0,2.5e-06
right,0.1,0.001875,1.0,0.0,2.5e-06
right,0.1,0.002125,1.0,0.0,2.5e-06
right,0.1,0.002375,1.0,0.0,2.5e-06
right,0.1,0.002625,1.0,0.0,2.5e-06
right,0.1,0.002875,1.0,0.0,2.5e-06
right,0.1,0.003125,1.0,0.0,2.5e-06
right,0.1,0.003375,1.0,0.0,2.5e-06
right,0.1,0.003625,1.0,0.0,2.5e-06
right,0.1,0.003875,1.0,0.0,2.5e-06
right,0.1,0.004125,1.0,0.0,2.5e-06
right,0.1,0.004375,1.0,0.0,2.5e-06
right,0.1,0.004625,1.0,0.0,2.5e-06
right,0.1,0.004875,1.0,0.0,2.5e-06
right,0.1,0.005125,1.0,0.0,2.5e-06
right,0.1,0.0053750000000000004,1.0,0.0,2.5e-06
right,0.1,0.005625,1.0,0.0,2.5e-06
right,0.1,0.005875,1.0,0.0,2.5e-06
right,0.1,0.006125,1.0,0.0,2.5e-06
right,0.1,0.0063750000000000005,1.0,0.0,2.5e-06
right,0.1,0.006625,1.0,0.0,2.5e-06
right,0.1,0.006875,1.0,0.0,2.5e-06
right,0.1,0.007125,1.0,0.0,2.5e-06
right,0.1,0.0073750000000000005,1.0,0.0,2.5e-06
right,0.1,0.007625,1.0,0.0,2.5e-06
right,0.1,0.007875,1.0,0.0,2.5e-06
right,0.1,0.008125,1.0,0.0,2.5e-06
right,0.1,0.008375,1.0,0.0,2.5e-06
right,0.1,0.008625,1.0,0.0,2.5e-06
right,0.1,0.008875000000000001,1.0,0.0,2.5e-06
right,0.1,0.009125,1.0,0.0,2.5e-06
right,0.1,0.009375,1.0,0.0,2.5e-06
right,0.1,0.009625,1.0,0.0,2.5e-06
right,0.1,0.009875,1.0,0.0,2.5e-06
right,0.1,0.010125,1.0,0.0,2.5e-06
right,0.1,0.010375,1.0,0.0,2.5e-06
right,0.1,0.010625,1.0,0.0,2.5e-06
right,0.1,0.010875000000000001,1.0,0.0,2.5e-06
right,0.1,0.011125,1.0,0.0,2.5e-06
right,0.1,0.011375,1.0,0.0,2.5e-06
right,0.1,0.011625,1.0,0.0,2.5e-06
right,0.1,0.011875,1.0,0.0,2.5e-06
right,0.1,0.012125,1.0,0.0,2.5e-06
right,0.1,0.012375,1.0,0.0,2.5e-06
right,0.1,0.012625,1.0,0.0,2.5e-06
right,0.1,0.012875000000000001,1.0,0.0,2.5e-06
right,0.1,0.013125,1.0,0.0,2.5e-06
right,0.1,0.013375,1.0,0.0,2.5e-06
right,0.1,0.013625,1.0,0.0,2.5e-06
right,0.1,0.013875,1.0,0.0,2.5e-06
right,0.1,0.014125,1.0,0.0,2.5e-06
right,0.1,0.014375,1.0,0.0,2.5e-06
right,0.1,0.014625,1.0,0.0,2.5e-06
right,0.1,0.014875000000000001,1.0,0.0,2.5e-06
right,0.1,0.015125,1.0,0.0,2.5e-06
right,0.1,0.015375,1.0,0.0,2.5e-06
right,0.1,0.015625,1.0,0.0,2.5e-06
right,0.1,0.015875,1.0,0.0,2.5e-06
right,0.1,0.016125,1.0,0.0,2.5e-06
right,0.1,0.016375,1.0,0.0,2.5e-06
right,0.1,0.016625,1.0,0.0,2.5e-06
right,0.1,0.016875,1.0,0.0,2.5e-06
right,0.1,0.017125,1.0,0.0,2.5e-06
right,0.1,0.017375,1.0,0.0,2.5e-06
right,0.1,0.017625000000000002,1.0,0.0,2.5e-06
right,0.1,0.017875000000000002,1.0,0.0,2.5e-06
right,0.1,0.018125,1.0,0.0,2.5e-06
right,0.1,0.018375,1.0,0.0,2.5e-06
right,0.1,0.018625,1.0,0.0,2.5e-06
right,0.1,0.018875,1.0,0.0,2.5e-06
right,0.1,0.019125,1.0,0.0,2.5e-06
right,0.1,0.019375,1.0,0.0,2.5e-06
right,0.1,0.019625,1.0,0.0,2.5e-06
right,0.1,0.019875,1.0,0.0,2.5e-06
right,0.1,0.020125,1.0,0.0,2.5e-06
right,0.1,0.020375,1.0,0.0,2.5e-06
right,0.1,0.020625,1.0,0.0,2.5e-06
right,0.1,0.020875,1.0,0.0,2.5e-06
right,0.1,0.021125,1.0,0.0,2.5e-06
right,0.1,0.021375,1.0,0.0,2.5e-06
right,0.1,0.021625000000000002,1.0,0.0,2.5e-06
right,0.1,0.021875000000000002,1.0,0.0,2.5e-06
right,0.1,0.022125,1.0,0.0,2.5e-06
right,0.1,0.022375,1.0,0.0,2.5e-06
right,0.1,0.022625,1.0,0.0,2.5e-06
right,0.1,0.022875,1.0,0.0,2.5e-06
right,0.1,0.023125,1.0,0.0,2.5e-06
right,0.1,0.023375,1.0,0.0,2.5e-06
right,0.1,0.023625,1.0,0.0,2.5e-06
right,0.1,0.023875,1.0,0.0,2.5e-06
right,0.1,0.024125,1.0,0.0,2.5e-06
right,0.1,0.024375,1.0,0.0,2.5e-06
right,0.1,0.024625,1.0,0.0,2.5e-06
right,0.1,0.024875,1.0,0.0,2.5e-06
right,0.1,0.025125,1.0,0.0,2.5e-06
right,0.1,0.025375,1.0,0.0,2.5e-06
right,0.1,0.025625000000000002,1.0,0.0,2.5e-06
right,0.1,0.025875000000000002,1.0,0.0,2.5e-06
right,0.1,0.026125,1.0,0.0,2.5e-06
right,0.1,0.026375,1.0,0.0,2.5e-06
right,0.1,0.026625,1.0,0.0,2.5e-06
right,0.1,0.026875,1.0,0.0,2.5e-06
right,0.1,0.027125,1.0,0.0,2.5e-06
right,0.1,0.027375,1.0,0.0,2.5e-06
right,0.1,0.027625,1.0,0.0,2.5e-06
right,0.1,0.027875,1.0,0.0,2.5e-06
right,0.1,0.028125,1.0,0.0,2.5e-06
right,0.1,0.028375,1.0,0.0,2.5e-06
right,0.1,0.028625,1.0,0.0,2.5e-06
right,0.1,0.028875,1.0,0.0,2.5e-06
right,0.1,0.029125,1.0,0.0,2.5e-06
right,0.1,0.029375000000000002,1.0,0.0,2.5e-06
right,0.1,0.029625000000000002,1.0,0.0,2.5e-06
right,0.1,0.029875000000000002,1.0,0.0,2.5e-06
right,0.1,0.030125,1.0,0.0,2.5e-06
right,0.1,0.030375,1.0,0.0,2.5e-06
right,0.1,0.030625,1.0,0.0,2.5e-06
right,0.1,0.030875,1.0,0.0,2.5e-06
right,0.1,0.031125,1.0,0.0,2.5e-06
right,0.1,0.031375,1.0,0.0,2.5e-06
right,0.1,0.031625,1.0,0.0,2.5e-06
right,0.1,0.031875,1.0,0.0,2.5e-06
right,0.1,0.032125,1.0,0.0,2.5e-06
right,0.1,0.032375,1.0,0.0,2.5e-06
right,0.1,0.032625,1.0,0.0,2.5e-06
right,0.1,0.032875,1.0,0.0,2.5e-06
right,0.1,0.033125,1.0,0.0,2.5e-06
right,0.1,0.033375,1.0,0.0,2.5e-06
right,0.1,0.033625,1.0,0.0,2.5e-06
right,0.1,0.033875,1.0,0.0,2.5e-06
right,0.1,0.034125,1.0,0.0,2.5e-06
right,0.1,0.034375,1.0,0.0,2.5e-06
right,0.1,0.034625,1.0,0.0,2.5e-06
right,0.1,0.034875,1.0,0.0,2.5e-06
right,0.1,0.035125,1.0,0.0,2.5e-06
right,0.1,0.035375000000000004,1.0,0.0,2.5e-06
right,0.1,0.035625000000000004,1.0,0.0,2.5e-06
right,0.1,0.035875000000000004,1.0,0.0,2.5e-06
right,0.1,0.036125,1.0,0.0,2.5e-06
right,0.1,0.036375,1.0,0.0,2.5e-06
right,0.1,0.036625,1.0,0.0,2.5e-06
right,0.1,0.036875,1.0,0.0,2.5e-06
right,0.1,0.037125,1.0,0.0,2.5e-06
right,0.1,0.037375,1.0,0.0,2.5e-06
right,0.1,0.037625,1.0,0.0,2.5e-06
right,0.1,0.037875,1.0,0.0,2.5e-06
right,0.1,0.038125,1.0,0.0,2.5e-06
right,0.1,0.038375,1.0,0.0,2.5e-06
right,0.1,0.038625,1.0,0.0,2.5e-06
right,0.1,0.038875,1.0,0.0,2.5e-06
right,0.1,0.039125,1.0,0.0,2.5e-06
right,0.1,0.039375,1.0,0.0,2.5e-06
right,0.1,0.039625,1.0,0.0,2.5e-06
right,0.1,0.039875,1.0,0.0,2.5e-06
right,0.1,0.040125,1.0,0.0,2.5e-06
right,0.1,0.040375,1.0,0.0,2.5e-06
right,0.1,0.040625,1.0,0.0,2.5e-06
right,0.1,0.040875,1.0,0.0,2.5e-06
right,0.1,0.041125,1.0,0.0,2.5e-06
right,0.1,0.041375,1.0,0.0,2.5e-06
right,0.1,0.041625,1.0,0.0,2.5e-06
right,0.1,0.041875,1.0,0.0,2.5e-06
right,0.1,0.042125,1.0,0.0,2.5e-06
right,0.1,0.042375,1.0,0.0,2.5e-06
right,0.1,0.042625,1.0,0.0,2.5e-06
right,0.1,0.042875,1.0,0.0,2.5e-06
right,0.1,0.043125000000000004,1.0,0.0,2.5e-06
right,0.1,0.043375000000000004,1.0,0.0,2.5e-06
right,0.1,0.043625000000000004,1.0,0.0,2.5e-06
right,0.1,0.043875000000000004,1.0,0.0,2.5e-06
right,0.1,0.044125,1.0,0.0,2.5e-06
right,0.1,0.044375,1.0,0.0,2.5e-06
right,0.1,0.044625,1.0,0.0,2.5e-06
right,0.1,0.044875,1.0,0.0,2.5e-06
right,0.1,0.045125,1.0,0.0,2.5e-06
right,0.1,0.045375,1.0,0.0,2.5e-06
right,0.1,0.045625,1.0,0.0,2.5e-06
right,0.1,0.045875,1.0,0.0,2.5e-06
right,0.1,0.046125,1.0,0.0,2.5e-06
right,0.1,0.046375,1.0,0.0,2.5e-06
right,0.1,0.046625,1.0,0.0,2.5e-06
right,0.1,0.046875,1.0,0.0,2.5e-06
right,0.1,0.047125,1.0,0.0,2.5e-06
right,0.1,0.047375,1.0,0.0,2.5e-06
right,0.1,0.047625,1.0,0.0,2.5e-06
right,0.1,0.047875,1.0,0.0,2.5e-06
right,0.1,0.048125,1.0,0.0,2.5e-06
right,0.1,0.048375,1.0,0.0,2.5e-06
right,0.1,0.048625,1.0,0.0,2.5e-06
right,0.1,0.048875,1.0,0.0,2.5e-06
right,0.1,0.049125,1.0,0.0,2.5e-06
right,0.1,0.049375,1.0,0.0,2.5e-06
right,0.1,0.049625,1.0,0.0,2.5e-06
right,0.1,0.049875,1.0,0.0,2.5e-06
right,0.1,0.050125,1.0,0.0,2.5e-06
right,0.1,0.050375,1.0,0.0,2.5e-06
right,0.1,0.050625,1.0,0.0,2.5e-06
right,0.1,0.050875000000000004,1.0,0.0,2.5e-06
right,0.1,0.051125000000000004,1.0,0.0,2.5e-06
right,0.1,0.051375000000000004,1.0,0.0,2.5e-06
right,0.1,0.051625000000000004,1.0,0.0,2.5e-06
right,0.1,0.051875000000000004,1.0,0.0,2.5e-06
right,0.1,0.052125,1.0,0.0,2.5e-06
right,0.1,0.052375,1.0,0.0,2.5e-06
right,0.1,0.052625,1.0,0.0,2.5e-06
right,0.1,0.052875,1.0,0.0,2.5e-06
right,0.1,0.053125,1.0,0.0,2.5e-06
right,0.1,0.053375,1.0,0.0,2.5e-06
right,0.1,0.053625,1.0,0.0,2.5e-06
right,0.1,0.053875,1.0,0.0,2.5e-06
right,0.1,0.054125,1.0,0.0,2.5e-06
right,0.1,0.054375,1.0,0.0,2.5e-06
right,0.1,0.054625,1.0,0.0,2.5e-06
right,0.1,0.054875,1.0,0.0,2.5e-06
right,0.1,0.055125,1.0,0.0,2.5e-06
right,0.1,0.055375,1.0,0.0,2.5e-06
right,0.1,0.055625,1.0,0.0,2.5e-06
right,0.1,0.055875,1.0,0.0,2.5e-06
right,0.1,0.056125,1.0,0.0,2.5e-06
right,0.1,0.056375,1.0,0.0,2.5e-06
right,0.1,0.056625,1.0,0.0,2.5e-06
right,0.1,0.056875,1.0,0.0,2.5e-06
right,0.1,0.057125,1.0,0.0,2.5e-06
right,0.1,0.057375,1.0,0.0,2.5e-06
right,0.1,0.057625,1.0,0.0,2.5e-06
right,0.1,0.057875,1.0,0.0,2.5e-06
right,0.1,0.058125,1.0,0.0,2.5e-06
right,0.1,0.058375,1.0,0.0,2.5e-06
right,0.1,0.058625000000000003,1.0,0.0,2.5e-06
right,0.1,0.058875000000000004,1.0,0.0,2.5e-06
right,0.1,0.059125000000000004,1.0,0.0,2.5e-06
right,0.1,0.059375000000000004,1.0,0.0,2.5e-06
right,0.1,0.059625000000000004,1.0,0.0,2.5e-06
right,0.1,0.059875000000000005,1.0,0.0,2.5e-06
right,0.1,0.060125,1.0,0.0,2.5e-06
right,0.1,0.060375,1.0,0.0,2.5e-06
right,0.1,0.060625,1.0,0.0,2.5e-06
right,0.1,0.060875,1.0,0.0,2.5e-06
right,0.1,0.061125,1.0,0.0,2.5e-06
right,0.1,0.061375,1.0,0.0,2.5e-06
right,0.1,0.061625,1.0,0.0,2.5e-06
right,0.1,0.061875,1.0,0.0,2.5e-06
right,0.1,0.062125,1.0,0.0,2.5e-06
right,0.1,0.062375,1.0,0.0,2.5e-06
right,0.1,0.062625,1.0,0.0,2.5e-06
right,0.1,0.062875,1.0,0.0,2.5e-06
right,0.1,0.063125,1.0,0.0,2.5e-06
right,0.1,0.063375,1.0,0.0,2.5e-06
right,0.1,0.063625,1.0,0.0,2.5e-06
right,0.1,0.063875,1.0,0.0,2.5e-06
right,0.1,0.064125,1.0,0.0,2.5e-06
right,0.1,0.064375,1.0,0.0,2.5e-06
right,0.1,0.064625,1.0,0.0,2.5e-06
right,0.1,0.064875,1.0,0.0,2.5e-06
right,0.1,0.065125,1.0,0.0,2.5e-06
right,0.1,0.065375,1.0,0.0,2.5e-06
right,0.1,0.065625,1.0,0.0,2.5e-06
right,0.1,0.065875,1.0,0.0,2.5e-06
right,0.1,0.066125,1.0,0.0,2.5e-06
right,0.1,0.066375,1.0,0.0,2.5e-06
right,0.1,0.066625,1.0,0.0,2.5e-06
right,0.1,0.066875,1.0,0.0,2.5e-06
right,0.1,0.067125,1.0,0.0,2.5e-06
right,0.1,0.067375,1.0,0.0,2.5e-06
right,0.1,0.067625,1.0,0.0,2.5e-06
right,0.1,0.067875,1.0,0.0,2.5e-06
right,0.1,0.068125,1.0,0.0,2.5e-06
right,0.1,0.068375,1.0,0.0,2.5e-06
right,0.1,0.068625,1.0,0.0,2.5e-06
right,0.1,0.068875,1.0,0.0,2.5e-06
right,0.1,0.069125,1.0,0.0,2.5e-06
right,0.1,0.069375,1.0,0.0,2.5e-06
right,0.1,0.069625,1.0,0.0,2.5e-06
right,0.1,0.069875,1.0,0.0,2.5e-06
right,0.1,0.070125,1.0,0.0,2.5e-06
right,0.1,0.07037500000000001,1.0,0.0,2.5e-06
right,0.1,0.07062500000000001,1.0,0.0,2.5e-06
right,0.1,0.07087500000000001,1.0,0.0,2.5e-06
right,0.1,0.07112500000000001,1.0,0.0,2.5e-06
right,0.1,0.07137500000000001,1.0,0.0,2.5e-06
right,0.1,0.07162500000000001,1.0,0.0,2.5e-06
right,0.1,0.07187500000000001,1.0,0.0,2.5e-06
right,0.1,0.072125,1.0,0.0,2.5e-06
right,0.1,0.072375,1.0,0.0,2.5e-06
right,0.1,0.072625,1.0,0.0,2.5e-06
right,0.1,0.072875,1.0,0.0,2.5e-06
right,0.1,0.073125,1.0,0.0,2.5e-06
right,0.1,0.073375,1.0,0.0,2.5e-06
right,0.1,0.073625,1.0,0.0,2.5e-06
right,0.1,0.073875,1.0,0.0,2.5e-06
right,0.1,0.074125,1.0,0.0,2.5e-06
right,0.1,0.074375,1.0,0.0,2.5e-06
right,0.1,0.074625,1.0,0.0,2.5e-06
right,0.1,0.074875,1.0,0.0,2.5e-06
right,0.1,0.075125,1.0,0.0,2.5e-06
right,0.1,0.075375,1.0,0.0,2.5e-06
right,0.1,0.075625,1.0,0.0,2.5e-06
right,0.1,0.075875,1.0,0.0,2.5e-06
right,0.1,0.076125,1.0,0.0,2.5e-06
right,0.1,0.076375,1.0,0.0,2.5e-06
right,0.1,0.076625,1.0,0.0,2.5e-06
right,0.1,0.076875,1.0,0.0,2.5e-06
right,0.1,0.077125,1.0,0.0,2.5e-06
right,0.1,0.077375,1.0,0.0,2.5e-06
right,0.1,0.077625,1.0,0.0,2.5e-06
right,0.1,0.077875,1.0,0.0,2.5e-06
right,0.1,0.078125,1.0,0.0,2.5e-06
right,0.1,0.078375,1.0,0.0,2.5e-06
right,0.1,0.078625,1.0,0.0,2.5e-06
right,0.1,0.078875,1.0,0.0,2.5e-06
right,0.1,0.079125,1.0,0.0,2.5e-06
right,0.1,0.079375,1.0,0.0,2.5e-06
right,0.1,0.079625,1.0,0.0,2.5e-06
right,0.1,0.079875,1.0,0.0,2.5e-06
bottom,0.000125,0.0,0.0,-1.0,2.5e-06
bottom,0.000375,0.0,0.0,-1.0,2.5e-06
bottom,0.000625,0.0,0.0,-1.0,2.5e-06
bottom,0.000875,0.0,0.0,-1.0,2.5e-06
bottom,0.0011250000000000001,0.0,0.0,-1.0,2.5e-06
bottom,0.001375,0.0,0.0,-1.0,2.5e-06
bottom,0.0016250000000000001,0.0,0.0,-1.0,2.5e-06
bottom,0.001875,0.0,0.0,-1.0,2.5e-06
bottom,0.002125,0.0,0.0,-1.0,2.5e-06
bottom,0.002375,0.0,0.0,-1.0,2.5e-06
bottom,0.002625,0.0,0.0,-1.0,2.5e-06
bottom,0.002875,0.0,0.0,-1.0,2.5e-06
bottom,0.003125,0.0,0.0,-1.0,2.5e-06
bottom,0.003375,0.0,0.0,-1.0,2.5e-06
bottom,0.003625,0.0,0.0,-1.0,2.5e-06
bottom,0.003875,0.0,0.0,-1.0,2.5e-06
bottom,0.004125,0.0,0.0,-1.0,2.5e-06
bottom,0.004375,0.0,0.0,-1.0,2.5e-06
bottom,0.004625,0.0,0.0,-1.0,2.5e-06
bottom,0.004875,0.0,0.0,-1.0,2.5e-06
bottom,0.005125,0.0,0.0,-1.0,2.5e-06
bottom,0.0053750000000000004,0.0,0.0,-1.0,2.5e-06
bottom,0.005625,0.0,0.0,-1.0,2.5e-06
bottom,0.005875,0.0,0.0,-1.0,2.5e-06
bottom,0.006125,0.0,0.0,-1.0,2.5e-06
bottom,0.0063750000000000005,0.0,0.0,-1.0,2.5e-06
bottom,0.006625,0.0,0.0,-1.0,2.5e-06
bottom,0.006875,0.0,0.0,-1.0,2.5e-06
bottom,0.007125,0.0,0.0,-1.0,2.5e-06
bottom,0.0073750000000000005,0.0,0.0,-1.0,2.5e-06
bottom,0.007625,0.0,0.0,-1.0,2.5e-06
bottom,0.007875,0.0,0.0,-1.0,2.5e-06
bottom,0.008125,0.0,0.0,-1.0,2.5e-06
bottom,0.008375,0.0,0.0,-1.0,2.5e-06
bottom,0.008625,0.0,0.0,-1.0,2.5e-06
bottom,0.008875000000000001,0.0,0.0,-1.0,2.5e-06
bottom,0.009125,0.0,0.0,-1.0,2.5e-06
bottom,0.009375,0.0,0.0,-1.0,2.5e-06
bottom,0.009625,0.0,0.0,-1.0,2.5e-06
bottom,0.009875,0.0,0.0,-1.0,2.5e-06
bottom,0.010125,0.0,0.0,-1.0,2.5e-06
bottom,0.010375,0.0,0.0,-1.0,2.5e-06
bottom,0.010625,0.0,0.0,-1.0,2.5e-06
bottom,0.010875000000000001,0.0,0.0,-1.0,2.5e-06
bottom,0.011125,0.0,0.0,-1.0,2.5e-06
bottom,0.011375,0.0,0.0,-1.0,2.5e-06
bottom,0.011625,0.0,0.0,-1.0,2.5e-06
bottom,0.011875,0.0,0.0,-1.0,2.5e-06
bottom,0.012125,0.0,0.0,-1.0,2.5e-06
bottom,0.012375,0.0,0.0,-1.0,2.5e-06
bottom,0.012625,0.0,0.0,-1.0,2.5e-06
bottom,0.012875000000000001,0.0,0.0,-1.0,2.5e-06
bottom,0.013125,0.0,0.0,-1.0,2.5e-06
bottom,0.013375,0.0,0.0,-1.0,2.5e-06
bottom,0.013625,0.0,0.0,-1.0,2.5e-06
bottom,0.013875,0.0,0.0,-1.0,2.5e-06
bottom,0.014125,0.0,0.0,-1.0,2.5e-06
bottom,0.014375,0.0,0.0,-1.0,2.5e-06
bottom,0.014625,0.0,0.0,-1.0,2.5e-06
bottom,0.014875000000000001,0.0,0.0,-1.0,2.5e-06
bottom,0.015125,0.0,0.0,-1.0,2.5e-06
bottom,0.015375,0.0,0.0,-1.0,2.5e-06
bottom,0.015625,0.0,0.0,-1.0,2.5e-06
bottom,0.015875,0.0,0.0,-1.0,2.5e-06
bottom,0.016125,0.0,0.0,-1.0,2.5e-06
bottom,0.016375,0.0,0.0,-1.0,2.5e-06
bottom,0.016625,0.0,0.0,-1.0,2.5e-06
bottom,0.016875,0.0,0.0,-1.0,2.5e-06
bottom,0.017125,0.0,0.0,-1.0,2.5e-06
bottom,0.017375,0.0,0.0,-1.0,2.5e-06
bottom,0.017625000000000002,0.0,0.0,-1.0,2.5e-06
bottom,0.017875000000000002,0.0,0.0,-1.0,2.5e-06
bottom,0.018125,0.0,0.0,-1.0,2.5e-06
bottom,0.018375,0.0,0.0,-1.0,2.5e-06
bottom,0.018625,0.0,0.0,-1.0,2.5e-06
bottom,0.018875,0.0,0.0,-1.0,2.5e-06
bottom,0.019125,0.0,0.0,-1.0,2.5e-06
bottom,0.019375,0.0,0.0,-1.0,2.5e-06
bottom,0.019625,0.0,0.0,-1.0,2.5e-06
bottom,0.019875,0.0,0.0,-1.0,2.5e-06
bottom,0.020125,0.0,0.0,-1.0,2.5e-06
bottom,0.020375,0.0,0.0,-1.0,2.5e-06
bottom,0.020625,0.0,0.0,-1.0,2.5e-06
bottom,0.020875,0.0,0.0,-1.0,2.5e-06
bottom,0.021125,0.0,0.0,-1.0,2.5e-06
bottom,0.021375,0.0,0.0,-1.0,2.5e-06
bottom,0.021625000000000002,0.0,0.0,-1.0,2.5e-06
bottom,0.021875000000000002,0.0,0.0,-1.0,2.5e-06
bottom,0.022125,0.0,0.0,-1.0,2.5e-06
bottom,0.022375,0.0,0.0,-1.0,2.5e-06
bottom,0.022625,0.0,0.0,-1.0,2.5e-06
bottom,0.022875,0.0,0.0,-1.0,2.5e-06
bottom,0.023125,0.0,0.0,-1.0,2.5e-06
bottom,0.023375,0.0,0.0,-1.0,2.5e-06
bottom,0.023625,0.0,0.0,-1.0,2.5e-06
bottom,0.023875,0.0,0.0,-1.0,2.5e-06
bottom,0.024125,0.0,0.0,-1.0,2.5e-06
bottom,0.024375,0.0,0.0,-1.0,2.5e-06
bottom,0.024625,0.0,0.0,-1.0,2.5e-06
bottom,0.024875,0.0,0.0,-1.0,2.5e-06
bottom,0.025125,0.0,0.0,-1.0,2.5e-06
bottom,0.025375,0.0,0.0,-1.0,2.5e-06
bottom,0.025625000000000002,0.0,0.0,-1.0,2.5e-06
bottom,0.025875000000000002,0.0,0.0,-1.0,2.5e-06
bottom,0.026125,0.0,0.0,-1.0,2.5e-06
bottom,0.026375,0.0,0.0,-1.0,2.5e-06
bottom,0.026625,0.0,0.0,-1.0,2.5e-06
bottom,0.026875,0.0,0.0,-1.0,2.5e-06
bottom,0.027125,0.0,0.0,-1.0,2.5e-06
bottom,0.027375,0.0,0.0,-1.0,2.5e-06
bottom,0.027625,0.0,0.0,-1.0,2.5e-06
bottom,0.027875,0.0,0.0,-1.0,2.5e-06
bottom,0.028125,0.0,0.0,-1.0,2.5e-06
bottom,0.028375,0.0,0.0,-1.0,2.5e-06
bottom,0.028625,0.0,0.0,-1.0,2.5e-06
bottom,0.028875,0.0,0.0,-1.0,2.5e-06
bottom,0.029125,0.0,0.0,-1.0,2.5e-06
bottom,0.029375000000000002,0.0,0.0,-1.0,2.5e-06
bottom,0.029625000000000002,0.0,0.0,-1.0,2.5e-06
bottom,0.029875000000000002,0.0,0.0,-1.0,2.5e-06
bottom,0.030125,0.0,0.0,-1.0,2.5e-06
bottom,0.030375,0.0,0.0,-1.0,2.5e-06
bottom,0.030625,0.0,0.0,-1.0,2.5e-06
bottom,0.030875,0.0,0.0,-1.0,2.5e-06
bottom,0.031125,0.0,0.0,-1.0,2.5e-06
bottom,0.031375,0.0,0.0,-1.0,2.5e-06
bottom,0.031625,0.0,0.0,-1.0,2.5e-06
bottom,0.031875,0.0,0.0,-1.0,2.5e-06
bottom,0.032125,0.0,0.0,-1.0,2.5e-06
bottom,0.032375,0.0,0.0,-1.0,2.5e-06
bottom,0.032625,0.0,0.0,-1.0,2.5e-06
bottom,0.032875,0.0,0.0,-1.0,2.5e-06
bottom,0.033125,0.0,0.0,-1.0,2.5e-06
bottom,0.033375,0.0,0.0,-1.0,2.5e-06
bottom,0.033625,0.0,0.0,-1.0,2.5e-06
bottom,0.033875,0.0,0.0,-1.0,2.5e-06
bottom,0.034125,0.0,0.0,-1.0,2.5e-06
bottom,0.034375,0.0,0.0,-1.0,2.5e-06
bottom,0.034625,0.0,0.0,-1.0,2.5e-06
bottom,0.034875,0.0,0.0,-1.0,2.5e-06
bottom,0.035125,0.0,0.0,-1.0,2.5e-06
bottom,0.035375000000000004,0.0,0.0,-1.0,2.5e-06
bottom,0.035625000000000004,0.0,0.0,-1.0,2.5e-06
bottom,0.035875000000000004,0.0,0.0,-1.0,2.5e-06
bottom,0.036125,0.0,0.0,-1.0,2.5e-06
bottom,0.036375,0.0,0.0,-1.0,2.5e-06
bottom,0.036625,0.0,0.0,-1.0,2.5e-06
bottom,0.036875,0.0,0.0,-1.0,2.5e-06
bottom,0.037125,0.0,0.0,-1.0,2.5e-06
bottom,0.037375,0.0,0.0,-1.0,2.5e-06
bottom,0.037625,0.0,0.0,-1.0,2.5e-06
bottom,0.037875,0.0,0.0,-1.0,2.5e-06
bottom,0.038125,0.0,0.0,-1.0,2.5e-06
bottom,0.038375,0.0,0.0,-1.0,2.5e-06
bottom,0.038625,0.0,0.0,-1.0,2.5e-06
bottom,0.038875,0.0,0.0,-1.0,2.5e-06
bottom,0.039125,0.0,0.0,-1.0,2.5e-06
bottom,0.039375,0.0,0.0,-1.0,2.5e-06
bottom,0.039625,0.0,0.0,-1.0,2.5e-06
bottom,0.039875,0.0,0.0,-1.0,2.5e-06
bottom,0.040125,0.0,0.0,-1.0,2.5e-06
bottom,0.040375,0.0,0.0,-1.0,2.5e-06
bottom,0.040625,0.0,0.0,-1.0,2.5e-06
bottom,0.040875,0.0,0.0,-1.0,2.5e-06
bottom,0.041125,0.0,0.0,-1.0,2.5e-06
bottom,0.041375,0.0,0.0,-1.0,2.5e-06
bottom,0.041625,0.0,0.0,-1.0,2.5e-06
bottom,0.041875,0.0,0.0,-1.0,2.5e-06
bottom,0.042125,0.0,0.0,-1.0,2.5e-06
bottom,0.042375,0.0,0.0,-1.0,2.5e-06
bottom,0.042625,0.0,0.0,-1.0,2.5e-06
bottom,0.042875,0.0,0.0,-1.0,2.5e-06
bottom,0.043125000000000004,0.0,0.0,-1.0,2.5e-06
bottom,0.043375000000000004,0.0,0.0,-1.0,2.5e-06
bottom,0.043625000000000004,0.0,0.0,-1.0,2.5e-06
bottom,0.043875000000000004,0.0,0.0,-1.0,2.5e-06
bottom,0.044125,0.0,0.0,-1.0,2.5e-06
bottom,0.044375,0.0,0.0,-1.0,2.5e-06
bottom,0.044625,0.0,0.0,-1.0,2.5e-06
bottom,0.044875,0.0,0.0,-1.0,2.5e-06
bottom,0.045125,0.0,0.0,-1.0,2.5e-06
bottom,0.045375,0.0,0.0,-1.0,2.5e-06
bottom,0.045625,0.0,0.0,-1.0,2.5e-06
bottom,0.045875,0.0,0.0,-1.0,2.5e-06
bottom,0.046125,0.0,0.0,-1.0,2.5e-06
bottom,0.046375,0.0,0.0,-1.0,2.5e-06
bottom,0.046625,0.0,0.0,-1.0,2.5e-06
bottom,0.046875,0.0,0.0,-1.0,2.5e-06
bottom,0.047125,0.0,0.0,-1.0,2.5e-06
bottom,0.047375,0.0,0.0,-1.0,2.5e-06
bottom,0.047625,0.0,0.0,-1.0,2.5e-06
bottom,0.047875,0.0,0.0,-1.0,2.5e-06
bottom,0.048125,0.0,0.0,-1.0,2.5e-06
bottom,0.048375,0.0,0.0,-1.0,2.5e-06
bottom,0.048625,0.0,0.0,-1.0,2.5e-06
bottom,0.048875,0.0,0.0,-1.0,2.5e-06
bottom,0.049125,0.0,0.0,-1.0,2.5e-06
bottom,0.049375,0.0,0.0,-1.0,2.5e-06
bottom,0.049625,0.0,0.0,-1.0,2.5e-06
bottom,0.049875,0.0,0.0,-1.0,2.5e-06
bottom,0.050125,0.0,0.0,-1.0,2.5e-06
bottom,0.050375,0.0,0.0,-1.0,2.5e-06
bottom,0.050625,0.0,0.0,-1.0,2.5e-06
bottom,0.050875000000000004,0.0,0.0,-1.0,2.5e-06
bottom,0.051125000000000004,0.0,0.0,-1.0,2.5e-06
bottom,0.051375000000000004,0.0,0.0,-1.0,2.5e-06
bottom,0.051625000000000004,0.0,0.0,-1.0,2.5e-06
bottom,0.051875000000000004,0.0,0.0,-1.0,2.5e-06
bottom,0.052125,0.0,0.0,-1.0,2.5e-06
bottom,0.052375,0.0,0.0,-1.0,2.5e-06
bottom,0.052625,0.0,0.0,-1.0,2.5e-06
bottom,0.052875,0.0,0.0,-1.0,2.5e-06
bottom,0.053125,0.0,0.0,-1.0,2.5e-06
bottom,0.053375,0.0,0.0,-1.0,2.5e-06
bottom,0.053625,0.0,0.0,-1.0,2.5e-06
bottom,0.053875,0.0,0.0,-1.0,2.5e-06
bottom,0.054125,0.0,0.0,-1.0,2.5e-06
bottom,0.054375,0.0,0.0,-1.0,2.5e-06
bottom,0.054625,0.0,0.0,-1.0,2.5e-06
bottom,0.054875,0.0,0.0,-1.0,2.5e-06
bottom,0.055125,0.0,0.0,-1.0,2.5e-06
bottom,0.055375,0.0,0.0,-1.0,2.5e-06
bottom,0.055625,0.0,0.0,-1.0,2.5e-06
bottom,0.055875,0.0,0.0,-1.0,2.5e-06
bottom,0.056125,0.0,0.0,-1.0,2.5e-06
bottom,0.056375,0.0,0.0,-1.0,2.5e-06
bottom,0.056625,0.0,0.0,-1.0,2.5e-06
bottom,0.056875,0.0,0.0,-1.0,2.5e-06
bottom,0.057125,0.0,0.0,-1.0,2.5e-06
bottom,0.057375,0.0,0.0,-1.0,2.5e-06
bottom,0.057625,0.0,0.0,-1.0,2.5e-06
bottom,0.057875,0.0,0.0,-1.0,2.5e-06
bottom,0.058125,0.0,0.0,-1.0,2.5e-06
bottom,0.058375,0.0,0.0,-1.0,2.5e-06
bottom,0.058625000000000003,0.0,0.0,-1.0,2.5e-06
bottom,0.058875000000000004,0.0,0.0,-1.0,2.5e-06
bottom,0.059125000000000004,0.0,0.0,-1.0,2.5e-06
bottom,0.059375000000000004,0.0,0.0,-1.0,2.5e-06
bottom,0.059625000000000004,0.0,0.0,-1.0,2.5e-06
bottom,0.059875000000000005,0.0,0.0,-1.0,2.5e-06
bottom,0.060125,0.0,0.0,-1.0,2.5e-06
bottom,0.060375,0.0,0.0,-1.0,2.5e-06
bottom,0.060625,0.0,0.0,-1.0,2.5e-06
bottom,0.060875,0.0,0.0,-1.0,2.5e-06
bottom,0.061125,0.0,0.0,-1.0,2.5e-06
bottom,0.061375,0.0,0.0,-1.0,2.5e-06
bottom,0.061625,0.0,0.0,-1.0,2.5e-06
bottom,0.061875,0.0,0.0,-1.0,2.5e-06
bottom,0.062125,0.0,0.0,-1.0,2.5e-06
bottom,0.062375,0.0,0.0,-1.0,2.5e-06
bottom,0.062625,0.0,0.0,-1.0,2.5e-06
bottom,0.062875,0.0,0.0,-1.0,2.5e-06
bottom,0.063125,0.0,0.0,-1.0,2.5e-06
bottom,0.063375,0.0,0.0,-1.0,2.5e-06
bottom,0.063625,0.0,0.0,-1.0,2.5e-06
bottom,0.063875,0.0,0.0,-1.0,2.5e-06
bottom,0.064125,0.0,0.0,-1.0,2.5e-06
bottom,0.064375,0.0,0.0,-1.0,2.5e-06
bottom,0.064625,0.0,0.0,-1.0,2.5e-06
bottom,0.064875,0.0,0.0,-1.0,2.5e-06
bottom,0.065125,0.0,0.0,-1.0,2.5e-06
bottom,0.065375,0.0,0.0,-1.0,2.5e-06
bottom,0.065625,0.0,0.0,-1.0,2.5e-06
bottom,0.065875,0.0,0.0,-1.0,2.5e-06
bottom,0.066125,0.0,0.0,-1.0,2.5e-06
bottom,0.066375,0.0,0.0,-1.0,2.5e-06
bottom,0.066625,0.0,0.0,-1.0,2.5e-06
bottom,0.066875,0.0,0.0,-1.0,2.5e-06
bottom,0.067125,0.0,0.0,-1.0,2.5e-06
bottom,0.067375,0.0,0.0,-1.0,2.5e-06
bottom,0.067625,0.0,0.0,-1.0,2.5e-06
bottom,0.067875,0.0,0.0,-1.0,2.5e-06
bottom,0.068125,0.0,0.0,-1.0,2.5e-06
bottom,0.068375,0.0,0.0,-1.0,2.5e-06
bottom,0.068625,0.0,0.0,-1.0,2.5e-06
bottom,0.068875,0.0,0.0,-1.0,2.5e-06
bottom,0.069125,0.0,0.0,-1.0,2.5e-06
bottom,0.069375,0.0,0.0,-1.0,2.5e-06
bottom,0.069625,0.0,0.0,-1.0,2.5e-06
bottom,0.069875,0.0,0.0,-1.0,2.5e-06
bottom,0.070125,0.0,0.0,-1.0,2.5e-06
bottom,0.07037500000000001,0.0,0.0,-1.0,2.5e-06
bottom,0.07062500000000001,0.0,0.0,-1.0,2.5e-06
bottom,0.07087500000000001,0.0,0.0,-1.0,2.5e-06
bottom,0.07112500000000001,0.0,0.0,-1.0,2.5e-06
bottom,0.07137500000000001,0.0,0.0,-1.0,2.5e-06
bottom,0.07162500000000001,0.0,0.0,-1.0,2.5e-06
bottom,0.07187500000000001,0.0,0.0,-1.0,2.5e-06
bottom,0.072125,0.0,0.0,-1.0,2.5e-06
bottom,0.072375,0.0,0.0,-1.0,2.5e-06
bottom,0.072625,0.0,0.0,-1.0,2.5e-06
bottom,0.072875,0.0,0.0,-1.0,2.5e-06
bottom,0.073125,0.0,0.0,-1.0,2.5e-06
bottom,0.073375,0.0,0.0,-1.0,2.5e-06
bottom,0.073625,0.0,0.0,-1.0,2.5e-06
bottom,0.073875,0.0,0.0,-1.0,2.5e-06
bottom,0.074125,0.0,0.0,-1.0,2.5e-06
bottom,0.074375,0.0,0.0,-1.0,2.5e-06
bottom,0.074625,0.0,0.0,-1.0,2.5e-06
bottom,0.074875,0.0,0.0,-1.0,2.5e-06
bottom,0.075125,0.0,0.0,-1.0,2.5e-06
bottom,0.075375,0.0,0.0,-1.0,2.5e-06
bottom,0.075625,0.0,0.0,-1.0,2.5e-06
bottom,0.075875,0.0,0.0,-1.0,2.5e-06
bottom,0.076125,0.0,0.0,-1.0,2.5e-06
bottom,0.076375,0.0,0.0,-1.0,2.5e-06
bottom,0.076625,0.0,0.0,-1.0,2.5e-06
bottom,0.076875,0.0,0.0,-1.0,2.5e-06
bottom,0.077125,0.0,0.0,-1.0,2.5e-06
bottom,0.077375,0.0,0.0,-1.0,2.5e-06
bottom,0.077625,0.0,0.0,-1.0,2.5e-06
bottom,0.077875,0.0,0.0,-1.0,2.5e-06
bottom,0.078125,0.0,0.0,-1.0,2.5e-06
bottom,0.078375,0.0,0.0,-1.0,2.5e-06
bottom,0.078625,0.0,0.0,-1.0,2.5e-06
bottom,0.078875,0.0,0.0,-1.0,2.5e-06
bottom,0.079125,0.0,0.0,-1.0,2.5e-06
bottom,0.079375,0.0,0.0,-1.0,2.5e-06
bottom,0.079625,0.0,0.0,-1.0,2.5e-06
bottom,0.079875,0.0,0.0,-1.0,2.5e-06
bottom,0.080125,0.0,0.0,-1.0,2.5e-06
bottom,0.080375,0.0,0.0,-1.0,2.5e-06
bottom,0.080625,0.0,0.0,-1.0,2.5e-06
bottom,0.080875,0.0,0.0,-1.0,2.5e-06
bottom,0.081125,0.0,0.0,-1.0,2.5e-06
bottom,0.081375,0.0,0.0,-1.0,2.5e-06
bottom,0.081625,0.0,0.0,-1.0,2.5e-06
bottom,0.081875,0.0,0.0,-1.0,2.5e-06
bottom,0.082125,0.0,0.0,-1.0,2.5e-06
bottom,0.082375,0.0,0.0,-1.0,2.5e-06
bottom,0.082625,0.0,0.0,-1.0,2.5e-06
bottom,0.082875,0.0,0.0,-1.0,2.5e-06
bottom,0.083125,0.0,0.0,-1.0,2.5e-06
bottom,0.083375,0.0,0.0,-1.0,2.5e-06
bottom,0.083625,0.0,0.0,-1.0,2.5e-06
bottom,0.083875,0.0,0.0,-1.0,2.5e-06
bottom,0.084125,0.0,0.0,-1.0,2.5e-06
bottom,0.084375,0.0,0.0,-1.0,2.5e-06
bottom,0.084625,0.0,0.0,-1.0,2.5e-06
bottom,0.084875,0.0,0.0,-1.0,2.5e-06
bottom,0.085125,0.0,0.0,-1.0,2.5e-06
bottom,0.085375,0.0,0.0,-1.0,2.5e-06
bottom,0.085625,0.0,0.0,-1.0,2.5e-06
bottom,0.085875,0.0,0.0,-1.0,2.5e-06
bottom,0.08612500000000001,0.0,0.0,-1.0,2.5e-06
bottom,0.08637500000000001,0.0,0.0,-1.0,2.5e-06
bottom,0.08662500000000001,0.0,0.0,-1.0,2.5e-06
bottom,0.08687500000000001,0.0,0.0,-1.0,2.5e-06
bottom,0.08712500000000001,0.0,0.0,-1.0,2.5e-06
bottom,0.08737500000000001,0.0,0.0,-1.0,2.5e-06
bottom,0.08762500000000001,0.0,0.0,-1.0,2.5e-06
bottom,0.08787500000000001,0.0,0.0,-1.0,2.5e-06
bottom,0.088125,0.0,0.0,-1.0,2.5e-06
bottom,0.088375,0.0,0.0,-1.0,2.5e-06
bottom,0.088625,0.0,0.0,-1.0,2.5e-06
bottom,0.088875,0.0,0.0,-1.0,2.5e-06
bottom,0.089125,0.0,0.0,-1.0,2.5e-06
bottom,0.089375,0.0,0.0,-1.0,2.5e-06
bottom,0.089625,0.0,0.0,-1.0,2.5e-06
bottom,0.089875,0.0,0.0,-1.0,2.5e-06
bottom,0.090125,0.0,0.0,-1.0,2.5e-06
bottom,0.090375,0.0,0.0,-1.0,2.5e-06
bottom,0.090625,0.0,0.0,-1.0,2.5e-06
bottom,0.090875,0.0,0.0,-1.0,2.5e-06
bottom,0.091125,0.0,0.0,-1.0,2.5e-06
bottom,0.091375,0.0,0.0,-1.0,2.5e-06
bottom,0.091625,0.0,0.0,-1.0,2.5e-06
bottom,0.091875,0.0,0.0,-1.0,2.5e-06
bottom,0.092125,0.0,0.0,-1.0,2.5e-06
bottom,0.092375,0.0,0.0,-1.0,2.5e-06
bottom,0.092625,0.0,0.0,-1.0,2.5e-06
bottom,0.092875,0.0,0.0,-1.0,2.5e-06
bottom,0.093125,0.0,0.0,-1.0,2.5e-06
bottom,0.093375,0.0,0.0,-1.0,2.5e-06
bottom,0.093625,0.0,0.0,-1.0,2.5e-06
bottom,0.093875,0.0,0.0,-1.0,2.5e-06
bottom,0.094125,0.0,0.0,-1.0,2.5e-06
bottom,0.094375,0.0,0.0,-1.0,2.5e-06
bottom,0.094625,0.0,0.0,-1.0,2.5e-06
bottom,0.094875,0.0,0.0,-1.0,2.5e-06
bottom,0.095125,0.0,0.0,-1.0,2.5e-06
bottom,0.095375,0.0,0.0,-1.0,2.5e-06
bottom,0.095625,0.0,0.0,-1.0,2.5e-06
bottom,0.095875,0.0,0.0,-1.0,2.5e-06
bottom,0.096125,0.0,0.0,-1.0,2.5e-06
bottom,0.096375,0.0,0.0,-1.0,2.5e-06
bottom,0.096625,0.0,0.0,-1.0,2.5e-06
bottom,0.096875,0.0,0.0,-1.0,2.5e-06
bottom,0.097125,0.0,0.0,-1.0,2.5e-06
bottom,0.097375,0.0,0.0,-1.0,2.5e-06
bottom,0.097625,0.0,0.0,-1.0,2.5e-06
bottom,0.097875,0.0,0.0,-1.0,2.5e-06
bottom,0.098125,0.0,0.0,-1.0,2.5e-06
bottom,0.098375,0.0,0.0,-1.0,2.5e-06
bottom,0.098625,0.0,0.0,-1.0,2.5e-06
bottom,0.098875,0.0,0.0,-1.0,2.5e-06
bottom,0.099125,0.0,0.0,-1.0,2.5e-06
bottom,0.099375,0.0,0.0,-1.0,2.5e-06
bottom,0.099625,0.0,0.0,-1.0,2.5e-06
bottom,0.099875,0.0,0.0,-1.0,2.5e-06
top,0.000125,0.08,0.0,1.0,2.5e-06
top,0.000375,0.08,0.0,1.0,2.5e-06
top,0.000625,0.08,0.0,1.0,2.5e-06
top,0.000875,0.08,0.0,1.0,2.5e-06
top,0.0011250000000000001,0.08,0.0,1.0,2.5e-06
top,0.001375,0.08,0.0,1.0,2.5e-06
top,0.0016250000000000001,0.08,0.0,1.0,2.5e-06
top,0.001875,0.08,0.0,1.0,2.5e-06
top,0.002125,0.08,0.0,1.0,2.5e-06
top,0.002375,0.08,0.0,1.0,2.5e-06
top,0.002625,0.08,0.0,1.0,2.5e-06
top,0.002875,0.08,0.0,1.0,2.5e-06
top,0.003125,0.08,0.0,1.0,2.5e-06
top,0.003375,0.08,0.0,1.0,2.5e-06
top,0.003625,0.08,0.0,1.0,2.5e-06
top,0.003875,0.08,0.0,1.0,2.5e-06
top,0.004125,0.08,0.0,1.0,2.5e-06
top,0.004375,0.08,0.0,1.0,2.5e-06
top,0.004625,0.08,0.0,1.0,2.5e-06
top,0.004875,0.08,0.0,1.0,2.5e-06
top,0.005125,0.08,0.0,1.0,2.5e-06
top,0.0053750000000000004,0.08,0.0,1.0,2.5e-06
top,0.005625,0.08,0.0,1.0,2.5e-06
top,0.005875,0.08,0.0,1.0,2.5e-06
top,0.006125,0.08,0.0,1.0,2.5e-06
top,0.0063750000000000005,0.08,0.0,1.0,2.5e-06
top,0.006625,0.08,0.0,1.0,2.5e-06
top,0.006875,0.08,0.0,1.0,2.5e-06
top,0.007125,0.08,0.0,1.0,2.5e-06
top,0.0073750000000000005,0.08,0.0,1.0,2.5e-06
top,0.007625,0.08,0.0,1.0,2.5e-06
top,0.007875,0.08,0.0,1.0,2.5e-06
top,0.008125,0.08,0.0,1.0,2.5e-06
top,0.008375,0.08,0.0,1.0,2.5e-06
top,0.008625,0.08,0.0,1.0,2.5e-06
top,0.008875000000000001,0.08,0.0,1.0,2.5e-06
top,0.009125,0.08,0.0,1.0,2.5e-06
top,0.009375,0.08,0.0,1.0,2.5e-06
top,0.009625,0.08,0.0,1.0,2.5e-06
top,0.009875,0.08,0.0,1.0,2.5e-06
top,0.010125,0.08,0.0,1.0,2.5e-06
top,0.010375,0.08,0.0,1.0,2.5e-06
top,0.010625,0.08,0.0,1.0,2.5e-06
top,0.010875000000000001,0.08,0.0,1.0,2.5e-06
top,0.011125,0.08,0.0,1.0,2.5e-06
top,0.011375,0.08,0.0,1.0,2.5e-06
top,0.011625,0.08,0.0,1.0,2.5e-06
top,0.011875,0.08,0.0,1.0,2.5e-06
top,0.012125,0.08,0.0,1.0,2.5e-06
top,0.012375,0.08,0.0,1.0,2.5e-06
top,0.012625,0.08,0.0,1.0,2.5e-06
top,0.012875000000000001,0.08,0.0,1.0,2.5e-06
top,0.013125,0.08,0.0,1.0,2.5e-06
top,0.013375,0.08,0.0,1.0,2.5e-06
top,0.013625,0.08,0.0,1.0,2.5e-06
top,0.013875,0.08,0.0,1.0,2.5e-06
top,0.014125,0.08,0.0,1.0,2.5e-06
top,0.014375,0.08,0.0,1.0,2.5e-06
top,0.014625,0.08,0.0,1.0,2.5e-06
top,0.014875000000000001,0.08,0.0,1.0,2.5e-06
top,0.015125,0.08,0.0,1.0,2.5e-06
top,0.015375,0.08,0.0,1.0,2.5e-06
top,0.015625,0.08,0.0,1.0,2.5e-06
top,0.015875,0.08,0.0,1.0,2.5e-06
top,0.016125,0.08,0.0,1.0,2.5e-06
top,0.016375,0.08,0.0,1.0,2.5e-06
top,0.016625,0.08,0.0,1.0,2.5e-06
top,0.016875,0.08,0.0,1.0,2.5e-06
top,0.017125,0.08,0.0,1.0,2.5e-06
top,0.017375,0.08,0.0,1.0,2.5e-06
top,0.017625000000000002,0.08,0.0,1.0,2.5e-06
top,0.017875000000000002,0.08,0.0,1.0,2.5e-06
top,0.018125,0.08,0.0,1.0,2.5e-06
top,0.018375,0.08,0.0,1.0,2.5e-06
top,0.018625,0.08,0.0,1.0,2.5e-06
top,0.018875,0.08,0.0,1.0,2.5e-06
top,0.019125,0.08,0.0,1.0,2.5e-06
top,0.019375,0.08,0.0,1.0,2.5e-06
top,0.019625,0.08,0.0,1.0,2.5e-06
top,0.019875,0.08,0.0,1.0,2.5e-06
top,0.020125,0.08,0.0,1.0,2.5e-06
top,0.020375,0.08,0.0,1.0,2.5e-06
top,0.020625,0.08,0.0,1.0,2.5e-06
top,0.020875,0.08,0.0,1.0,2.5e-06
top,0.021125,0.08,0.0,1.0,2.5e-06
top,0.021375,0.08,0.0,1.0,2.5e-06
top,0.021625000000000002,0.08,0.0,1.0,2.5e-06
top,0.021875000000000002,0.08,0.0,1.0,2.5e-06
top,0.022125,0.08,0.0,1.0,2.5e-06
top,0.022375,0.08,0.0,1.0,2.5e-06
top,0.022625,0.08,0.0,1.0,2.5e-06
top,0.022875,0.08,0.0,1.0,2.5e-06
top,0.023125,0.08,0.0,1.0,2.5e-06
top,0.023375,0.08,0.0,1.0,2.5e-06
top,0.023625,0.08,0.0,1.0,2.5e-06
top,0.023875,0.08,0.0,1.0,2.5e-06
top,0.024125,0.08,0.0,1.0,2.5e-06
top,0.024375,0.08,0.0,1.0,2.5e-06
top,0.024625,0.08,0.0,1.0,2.5e-06
top,0.024875,0.08,0.0,1.0,2.5e-06
top,0.025125,0.08,0.0,1.0,2.5e-06
top,0.025375,0.08,0.0,1.0,2.5e-06
top,0.025625000000000002,0.08,0.0,1.0,2.5e-06
top,0.025875000000000002,0.08,0.0,1.0,2.5e-06
top,0.026125,0.08,0.0,1.0,2.5e-06
top,0.026375,0.08,0.0,1.0,2.5e-06
top,0.026625,0.08,0.0,1.0,2.5e-06
top,0.026875,0.08,0.0,1.0,2.5e-06
top,0.027125,0.08,0.0,1.0,2.5e-06
top,0.027375,0.08,0.0,1.0,2.5e-06
top,0.027625,0.08,0.0,1.0,2.5e-06
top,0.027875,0.08,0.0,1.0,2.5e-06
top,0.028125,0.08,0.0,1.0,2.5e-06
top,0.028375,0.08,0.0,1.0,2.5e-06
top,0.028625,0.08,0.0,1.0,2.5e-06
top,0.028875,0.08,0.0,1.0,2.5e-06
top,0.029125,0.08,0.0,1.0,2.5e-06
top,0.029375000000000002,0.08,0.0,1.0,2.5e-06
top,0.029625000000000002,0.08,0.0,1.0,2.5e-06
top,0.029875000000000002,0.08,0.0,1.0,2.5e-06
top,0.030125,0.08,0.0,1.0,2.5e-06
top,0.030375,0.08,0.0,1.0,2.5e-06
top,0.030625,0.08,0.0,1.0,2.5e-06
top,0.030875,0.08,0.0,1.0,2.5e-06
top,0.031125,0.08,0.0,1.0,2.5e-06
top,0.031375,0.08,0.0,1.0,2.5e-06
top,0.031625,0.08,0.0,1.0,2.5e-06
top,0.031875,0.08,0.0,1.0,2.5e-06
top,0.032125,0.08,0.0,1.0,2.5e-06
top,0.032375,0.08,0.0,1.0,2.5e-06
top,0.032625,0.08,0.0,1.0,2.5e-06
top,0.032875,0.08,0.0,1.0,2.5e-06
top,0.033125,0.08,0.0,1.0,2.5e-06
top,0.033375,0.08,0.0,1.0,2.5e-06
top,0.033625,0.08,0.0,1.0,2.5e-06
top,0.033875,0.08,0.0,1.0,2.5e-06
top,0.034125,0.08,0.0,1.0,2.5e-06
top,0.034375,0.08,0.0,1.0,2.5e-06
top,0.034625,0.08,0.0,1.0,2.5e-06
top,0.034875,0.08,0.0,1.0,2.5e-06
top,0.035125,0.08,0.0,1.0,2.5e-06
top,0.035375000000000004,0.08,0.0,1.0,2.5e-06
top,0.035625000000000004,0.08,0.0,1.0,2.5e-06
top,0.035875000000000004,0.08,0.0,1.0,2.5e-06
top,0.036125,0.08,0.0,1.0,2.5e-06
top,0.036375,0.08,0.0,1.0,2.5e-06
top,0.036625,0.08,0.0,1.0,2.5e-06
top,0.036875,0.08,0.0,1.0,2.5e-06
top,0.037125,0.08,0.0,1.0,2.5e-06
top,0.037375,0.08,0.0,1.0,2.5e-06
top,0.037625,0.08,0.0,1.0,2.5e-06
top,0.037875,0.08,0.0,1.0,2.5e-06
top,0.038125,0.08,0.0,1.0,2.5e-06
top,0.038375,0.08,0.0,1.0,2.5e-06
top,0.038625,0.08,0.0,1.0,2.5e-06
top,0.038875,0.08,0.0,1.0,2.5e-06
top,0.039125,0.08,0.0,1.0,2.5e-06
top,0.039375,0.08,0.0,1.0,2.5e-06
top,0.039625,0.08,0.0,1.0,2.5e-06
top,0.039875,0.08,0.0,1.0,2.5e-06
top,0.040125,0.08,0.0,1.0,2.5e-06
top,0.040375,0.08,0.0,1.0,2.5e-06
top,0.040625,0.08,0.0,1.0,2.5e-06
top,0.040875,0.08,0.0,1.0,2.5e-06
top,0.041125,0.08,0.0,1.0,2.5e-06
top,0.041375,0.08,0.0,1.0,2.5e-06
top,0.041625,0.08,0.0,1.0,2.5e-06
top,0.041875,0.08,0.0,1.0,2.5e-06
top,0.042125,0.08,0.0,1.0,2.5e-06
top,0.042375,0.08,0.0,1.0,2.5e-06
top,0.042625,0.08,0.0,1.0,2.5e-06
top,0.042875,0.08,0.0,1.0,2.5e-06
top,0.043125000000000004,0.08,0.0,1.0,2.5e-06
top,0.043375000000000004,0.08,0.0,1.0,2.5e-06
top,0.043625000000000004,0.08,0.0,1.0,2.5e-06
top,0.043875000000000004,0.08,0.0,1.0,2.5e-06
top,0.044125,0.08,0.0,1.0,2.5e-06
top,0.044375,0.08,0.0,1.0,2.5e-06
top,0.044625,0.08,0.0,1.0,2.5e-06
top,0.044875,0.08,0.0,1.0,2.5e-06
top,0.045125,0.08,0.0,1.0,2.5e-06
top,0.045375,0.08,0.0,1.0,2.5e-06
top,0.045625,0.08,0.0,1.0,2.5e-06
top,0.045875,0.08,0.0,1.0,2.5e-06
top,0.046125,0.08,0.0,1.0,2.5e-06
top,0.046375,0.08,0.0,1.0,2.5e-06
top,0.046625,0.08,0.0,1.0,2.5e-06
top,0.046875,0.08,0.0,1.0,2.5e-06
top,0.047125,0.08,0.0,1.0,2.5e-06
top,0.047375,0.08,0.0,1.0,2.5e-06
top,0.047625,0.08,0.0,1.0,2.5e-06
top,0.047875,0.08,0.0,1.0,2.5e-06
top,0.048125,0.08,0.0,1.0,2.5e-06
top,0.048375,0.08,0.0,1.0,2.5e-06
top,0.048625,0.08,0.0,1.0,2.5e-06
top,0.048875,0.08,0.0,1.0,2.5e-06
top,0.049125,0.08,0.0,1.0,2.5e-06
top,0.049375,0.08,0.0,1.0,2.5e-06
top,0.049625,0.08,0.0,1.0,2.5e-06
top,0.049875,0.08,0.0,1.0,2.5e-06
top,0.050125,0.08,0.0,1.0,2.5e-06
top,0.050375,0.08,0.0,1.0,2.5e-06
top,0.050625,0.08,0.0,1.0,2.5e-06
top,0.050875000000000004,0.08,0.0,1.0,2.5e-06
top,0.051125000000000004,0.08,0.0,1.0,2.5e-06
top,0.051375000000000004,0.08,0.0,1.0,2.5e-06
top,0.051625000000000004,0.08,0.0,1.0,2.5e-06
top,0.051875000000000004,0.08,0.0,1.0,2.5e-06
top,0.052125,0.08,0.0,1.0,2.5e-06
top,0.052375,0.08,0.0,1.0,2.5e-06
top,0.052625,0.08,0.0,1.0,2.5e-06
top,0.052875,0.08,0.0,1.0,2.5e-06
top,0.053125,0.08,0.0,1.0,2.5e-06
top,0.053375,0.08,0.0,1.0,2.5e-06
top,0.053625,0.08,0.0,1.0,2.5e-06
top,0.053875,0.08,0.0,1.0,2.5e-06
top,0.054125,0.08,0.0,1.0,2.5e-06
top,0.054375,0.08,0.0,1.0,2.5e-06
top,0.054625,0.08,0.0,1.0,2.5e-06
top,0.054875,0.08,0.0,1.0,2.5e-06
top,0.055125,0.08,0.0,1.0,2.5e-06
top,0.055375,0.08,0.0,1.0,2.5e-06
top,0.055625,0.08,0.0,1.0,2.5e-06
top,0.055875,0.08,0.0,1.0,2.5e-06
top,0.056125,0.08,0.0,1.0,2.5e-06
top,0.056375,0.08,0.0,1.0,2.5e-06
top,0.056625,0.08,0.0,1.0,2.5e-06
top,0.056875,0.08,0.0,1.0,2.5e-06
top,0.057125,0.08,0.0,1.0,2.5e-06
top,0.057375,0.08,0.0,1.0,2.5e-06
top,0.057625,0.08,0.0,1.0,2.5e-06
top,0.057875,0.08,0.0,1.0,2.5e-06
top,0.058125,0.08,0.0,1.0,2.5e-06
top,0.058375,0.08,0.0,1.0,2.5e-06
top,0.058625000000000003,0.08,0.0,1.0,2.5e-06
top,0.058875000000000004,0.08,0.0,1.0,2.5e-06
top,0.059125000000000004,0.08,0.0,1.0,2.5e-06
top,0.059375000000000004,0.08,0.0,1.0,2.5e-06
top,0.059625000000000004,0.08,0.0,1.0,2.5e-06
top,0.059875000000000005,0.08,0.0,1.0,2.5e-06
top,0.060125,0.08,0.0,1.0,2.5e-06
top,0.060375,0.08,0.0,1.0,2.5e-06
top,0.060625,0.08,0.0,1.0,2.5e-06
top,0.060875,0.08,0.0,1.0,2.5e-06
top,0.061125,0.08,0.0,1.0,2.5e-06
top,0.061375,0.08,0.0,1.0,2.5e-06
top,0.061625,0.08,0.0,1.0,2.5e-06
top,0.061875,0.08,0.0,1.0,2.5e-06
top,0.062125,0.08,0.0,1.0,2.5e-06
top,0.062375,0.08,0.0,1.0,2.5e-06
top,0.062625,0.08,0.0,1.0,2.5e-06
top,0.062875,0.08,0.0,1.0,2.5e-06
top,0.063125,0.08,0.0,1.0,2.5e-06
top,0.063375,0.08,0.0,1.0,2.5e-06
top,0.063625,0.08,0.0,1.0,2.5e-06
top,0.063875,0.08,0.0,1.0,2.5e-06
top,0.064125,0.08,0.0,1.0,2.5e-06
top,0.064375,0.08,0.0,1.0,2.5e-06
top,0.064625,0.08,0.0,1.0,2.5e-06
top,0.064875,0.08,0.0,1.0,2.5e-06
top,0.065125,0.08,0.0,1.0,2.5e-06
top,0.065375,0.08,0.0,1.0,2.5e-06
top,0.065625,0.08,0.0,1.0,2.5e-06
top,0.065875,0.08,0.0,1.0,2.5e-06
top,0.066125,0.08,0.0,1.0,2.5e-06
top,0.066375,0.08,0.0,1.0,2.5e-06
top,0.066625,0.08,0.0,1.0,2.5e-06
top,0.066875,0.08,0.0,1.0,2.5e-06
top,0.067125,0.08,0.0,1.0,2.5e-06
top,0.067375,0.08,0.0,1.0,2.5e-06
top,0.067625,0.08,0.0,1.0,2.5e-06
top,0.067875,0.08,0.0,1.0,2.5e-06
top,0.068125,0.08,0.0,1.0,2.5e-06
top,0.068375,0.08,0.0,1.0,2.5e-06
top,0.068625,0.08,0.0,1.0,2.5e-06
top,0.068875,0.08,0.0,1.0,2.5e-06
top,0.069125,0.08,0.0,1.0,2.5e-06
top,0.069375,0.08,0.0,1.0,2.5e-06
top,0.069625,0.08,0.0,1.0,2.5e-06
top,0.069875,0.08,0.0,1.0,2.5e-06
top,0.070125,0.08,0.0,1.0,2.5e-06
top,0.07037500000000001,0.08,0.0,1.0,2.5e-06
top,0.07062500000000001,0.08,0.0,1.0,2.5e-06
top,0.07087500000000001,0.08,0.0,1.0,2.5e-06
top,0.07112500000000001,0.08,0.0,1.0,2.5e-06
top,0.07137500000000001,0.08,0.0,1.0,2.5e-06
top,0.07162500000000001,0.08,0.0,1.0,2.5e-06
top,0.07187500000000001,0.08,0.0,1.0,2.5e-06
top,0.072125,0.08,0.0,1.0,2.5e-06
top,0.072375,0.08,0.0,1.0,2.5e-06
top,0.072625,0.08,0.0,1.0,2.5e-06
top,0.072875,0.08,0.0,1.0,2.5e-06
top,0.073125,0.08,0.0,1.0,2.5e-06
top,0.073375,0.08,0.0,1.0,2.5e-06
top,0.073625,0.08,0.0,1.0,2.5e-06
top,0.073875,0.08,0.0,1.0,2.5e-06
top,0.074125,0.08,0.0,1.0,2.5e-06
top,0.074375,0.08,0.0,1.0,2.5e-06
top,0.074625,0.08,0.0,1.0,2.5e-06
top,0.074875,0.08,0.0,1.0,2.5e-06
top,0.075125,0.08,0.0,1.0,2.5e-06
top,0.075375,0.08,0.0,1.0,2.5e-06
top,0.075625,0.08,0.0,1.0,2.5e-06
top,0.075875,0.08,0.0,1.0,2.5e-06
top,0.076125,0.08,0.0,1.0,2.5e-06
top,0.076375,0.08,0.0,1.0,2.5e-06
top,0.076625,0.08,0.0,1.0,2.5e-06
top,0.076875,0.08,0.0,1.0,2.5e-06
top,0.077125,0.08,0.0,1.0,2.5e-06
top,0.077375,0.08,0.0,1.0,2.5e-06
top,0.077625,0.08,0.0,1.0,2.5e-06
top,0.077875,0.08,0.0,1.0,2.5e-06
top,0.078125,0.08,0.0,1.0,2.5e-06
top,0.078375,0.08,0.0,1.0,2.5e-06
top,0.078625,0.08,0.0,1.0,2.5e-06
top,0.078875,0.08,0.0,1.0,2.5e-06
top,0.079125,0.08,0.0,1.0,2.5e-06
top,0.079375,0.08,0.0,1.0,2.5e-06
top,0.079625,0.08,0.0,1.0,2.5e-06
top,0.079875,0.08,0.0,1.0,2.5e-06
top,0.080125,0.08,0.0,1.0,2.5e-06
top,0.080375,0.08,0.0,1.0,2.5e-06
top,0.080625,0.08,0.0,1.0,2.5e-06
top,0.080875,0.08,0.0,1.0,2.5e-06
top,0.081125,0.08,0.0,1.0,2.5e-06
top,0.081375,0.08,0.0,1.0,2.5e-06
top,0.081625,0.08,0.0,1.0,2.5e-06
top,0.081875,0.08,0.0,1.0,2.5e-06
top,0.082125,0.08,0.0,1.0,2.5e-06
top,0.082375,0.08,0.0,1.0,2.5e-06
top,0.082625,0.08,0.0,1.0,2.5e-06
top,0.082875,0.08,0.0,1.0,2.5e-06
top,0.083125,0.08,0.0,1.0,2.5e-06
top,0.083375,0.08,0.0,1.0,2.5e-06
top,0.083625,0.08,0.0,1.0,2.5e-06
top,0.083875,0.08,0.0,1.0,2.5e-06
top,0.084125,0.08,0.0,1.0,2.5e-06
top,0.084375,0.08,0.0,1.0,2.5e-06
top,0.084625,0.08,0.0,1.0,2.5e-06
top,0.084875,0.08,0.0,1.0,2.5e-06
top,0.085125,0.08,0.0,1.0,2.5e-06
top,0.085375,0.08,0.0,1.0,2.5e-06
top,0.085625,0.08,0.0,1.0,2.5e-06
top,0.085875,0.08,0.0,1.0,2.5e-06
top,0.08612500000000001,0.08,0.0,1.0,2.5e-06
top,0.08637500000000001,0.08,0.0,1.0,2.5e-06
top,0.08662500000000001,0.08,0.0,1.0,2.5e-06
top,0.08687500000000001,0.08,0.0,1.0,2.5e-06
top,0.08712500000000001,0.08,0.0,1.0,2.5e-06
top,0.08737500000000001,0.08,0.0,1.0,2.5e-06
top,0.08762500000000001,0.08,0.0,1.0,2.5e-06
top,0.08787500000000001,0.08,0.0,1.0,2.5e-06
top,0.088125,0.08,0.0,1.0,2.5e-06
top,0.088375,0.08,0.0,1.0,2.5e-06
top,0.088625,0.08,0.0,1.0,2.5e-06
top,0.088875,0.08,0.0,1.0,2.5e-06
top,0.089125,0.08,0.0,1.0,2.5e-06
top,0.089375,0.08,0.0,1.0,2.5e-06
top,0.089625,0.08,0.0,1.0,2.5e-06
top,0.089875,0.08,0.0,1.0,2.5e-06
top,0.090125,0.08,0.0,1.0,2.5e-06
top,0.090375,0.08,0.0,1.0,2.5e-06
top,0.090625,0.08,0.0,1.0,2.5e-06
top,0.090875,0.08,0.0,1.0,2.5e-06
top,0.091125,0.08,0.0,1.0,2.5e-06
top,0.091375,0.08,0.0,1.0,2.5e-06
top,0.091625,0.08,0.0,1.0,2.5e-06
top,0.091875,0.08,0.0,1.0,2.5e-06
top,0.092125,0.08,0.0,1.0,2.5e-06
top,0.092375,0.08,0.0,1.0,2.5e-06
top,0.092625,0.08,0.0,1.0,2.5e-06
top,0.092875,0.08,0.0,1.0,2.5e-06
top,0.093125,0.08,0.0,1.0,2.5e-06
top,0.093375,0.08,0.0,1.0,2.5e-06
top,0.093625,0.08,0.0,1.0,2.5e-06
top,0.093875,0.08,0.0,1.0,2.5e-06
top,0.094125,0.08,0.0,1.0,2.5e-06
top,0.094375,0.08,0.0,1.0,2.5e-06
top,0.094625,0.08,0.0,1.0,2.5e-06
top,0.094875,0.08,0.0,1.0,2.5e-06
top,0.095125,0.08,0.0,1.0,2.5e-06
top,0.095375,0.08,0.0,1.0,2.5e-06
top,0.095625,0.08,0.0,1.0,2.5e-06
top,0.095875,0.08,0.0,1.0,2.5e-06
top,0.096125,0.08,0.0,1.0,2.5e-06
top,0.096375,0.08,0.0,1.0,2.5e-06
top,0.096625,0.08,0.0,1.0,2.5e-06
top,0.096875,0.08,0.0,1.0,2.5e-06
top,0.097125,0.08,0.0,1.0,2.5e-06
top,0.097375,0.08,0.0,1.0,2.5e-06
top,0.097625,0.08,0.0,1.0,2.5e-06
top,0.097875,0.08,0.0,1.0,2.5e-06
top,0.098125,0.08,0.0,1.0,2.5e-06
top,0.098375,0.08,0.0,1.0,2.5e-06
top,0.098625,0.08,0.0,1.0,2.5e-06
top,0.098875,0.08,0.0,1.0,2.5e-06
top,0.099125,0.08,0.0,1.0,2.5e-06
top,0.099375,0.08,0.0,1.0,2.5e-06
top,0.099625,0.08,0.0,1.0,2.5e-06
top,0.099875,0.08,0.0,1.0,2.5e-06
